0,9.25025e-05
0.00392335,9.25025e-05
0.00788784,9.25025e-05
0.0119329,9.42478e-05
0.0159245,9.25025e-05
0.0199118,9.25025e-05
0.023988,9.25025e-05
0.027983,9.25025e-05
0.0319836,9.25025e-05
0.0359409,9.25025e-05
0.0399055,9.42478e-05
0.0440966,9.42478e-05
0.0479325,9.59931e-05
0.0518989,9.77384e-05
0.0561602,0.000101229
0.059982,0.000106465
0.0639357,0.000115192
0.0680026,0.000129154
0.0719451,0.000202458
0.0759403,0.000507891
0.0800772,0.00108559
0.0840085,0.0019251
0.0879167,0.00299673
0.0920544,0.00427606
0.0959219,0.0056793
0.0999585,0.0229336
0.104077,0.008875
0.107919,0.0105976
0.111975,0.0123761
0.116052,0.0141738
0.119955,0.0159994
0.123902,0.0178477
0.128074,0.01971
0.131918,0.0215758
0.135889,0.0391617
0.140148,0.0253701
0.143966,0.0273528
0.147953,0.0293687
0.151978,0.0314316
0.155946,0.0335505
0.159914,0.0357391
0.164013,0.0379574
0.168028,0.0402037
0.171921,0.0424621
0.176087,0.0447118
0.179961,0.0469424
0.183947,0.0491589
0.188093,0.0513476
0.19192,0.05351
0.195991,0.0556097
0.200068,0.0576988
0.203911,0.0597287
0.207898,0.0617271
0.212114,0.0636783
0.215962,0.0656331
0.219977,0.0675617
0.224218,0.0694973
0.227931,0.0714101
0.231893,0.0733579
0.235999,0.0753022
0.239939,0.0772675
0.243901,0.0792554
0.248118,0.08128
0.252,0.0833325
0.255905,0.0853972
0.260127,0.0874637
0.263928,0.0895424
0.267955,0.0915792
0.272162,0.0936038
0.275998,0.0955969
0.280036,0.0976198
0.283999,0.0996304
0.287927,0.117363
0.291903,0.10368
0.296052,0.105711
0.299927,0.10775
0.303935,0.109779
0.308121,0.111809
0.311919,0.113858
0.315957,0.115888
0.319983,0.117923
0.323917,0.119925
0.327906,0.121927
0.332114,0.123887
0.335997,0.125836
0.339918,0.127763
0.344076,0.12972
0.347933,0.131647
0.351903,0.149288
0.356075,0.135535
0.359923,0.137504
0.363997,0.13949
0.368074,0.141473
0.371965,0.143506
0.375947,0.14555
0.380073,0.147611
0.383946,0.149658
0.387912,0.151725
0.392136,0.153798
0.395942,0.155884
0.39998,0.157984
0.404022,0.160146
0.407957,0.162378
0.411946,0.18034
0.416004,0.166974
0.420007,0.169375
0.423914,0.171854
0.42807,0.174397
0.431926,0.177017
0.435914,0.195351
0.440093,0.182296
0.443926,0.184935
0.447964,0.187553
0.452076,0.190169
0.455951,0.192794
0.459942,0.211153
0.464107,0.198095
0.467952,0.200791
0.471937,0.203519
0.476179,0.206303
0.479941,0.209143
0.483898,0.227717
0.487985,0.214908
0.492013,0.217805
0.495978,0.220707
0.50006,0.223599
0.504144,0.242229
0.507984,0.229443
0.512064,0.232406
0.515924,0.235405
0.519949,0.238421
0.524068,0.241498
0.52792,0.244557
0.532019,0.247627
0.536041,0.250657
0.539957,0.253654
0.543908,0.256651
0.548109,0.259618
0.55194,0.262616
0.555905,0.265627
0.560143,0.268683
0.563968,0.271781
0.567925,0.29063
0.571964,0.278057
0.575955,0.281192
0.57995,0.284291
0.583979,0.287405
0.588063,0.306241
0.591933,0.293701
0.595995,0.296963
0.599966,0.300277
0.603953,0.30368
0.608069,0.307106
0.611936,0.310531
0.616012,0.313932
0.620068,0.317303
0.623921,0.336391
0.627893,0.32405
0.632117,0.327471
0.63596,0.330921
0.639907,0.334449
0.644135,0.338
0.647929,0.341585
0.6519,0.345167
0.656006,0.348764
0.659982,0.368072
0.663949,0.356002
0.668059,0.359683
0.672069,0.363433
0.675952,0.367216
0.68,0.37102
0.683961,0.374811
0.687918,0.378551
0.692107,0.382274
0.69596,0.385987
0.699977,0.389695
0.704105,0.39342
0.707918,0.39719
0.711926,0.400989
0.716103,0.404815
0.719977,0.408629
0.723919,0.412468
0.728142,0.432025
0.731955,0.420226
0.735917,0.424188
0.74002,0.428208
0.744015,0.43225
0.747911,0.436317
0.752029,0.440347
0.756098,0.444363
0.759909,0.448377
0.764103,0.4524
0.767961,0.456435
0.771922,0.460514
0.776109,0.464619
0.779926,0.468757
0.784001,0.472909
0.788078,0.492799
0.791962,0.481327
0.795937,0.485652
0.800107,0.490036
0.80396,0.51016
0.807902,0.498859
0.812144,0.503227
0.815958,0.50755
0.819959,0.511844
0.824054,0.516134
0.827945,0.520428
0.831899,0.54045
0.836001,0.52907
0.8401,0.533418
0.843937,0.537801
0.848086,0.542223
0.851915,0.54673
0.855906,0.551309
0.860121,0.571648
0.863918,0.560575
0.868016,0.565193
0.871988,0.569756
0.875964,0.574301
0.879957,0.578851
0.884097,0.583423
0.88793,0.603716
0.891895,0.592618
0.896149,0.59725
0.899945,0.60191
0.903888,0.606636
0.907956,0.611453
0.911941,0.616326
0.915955,0.621222
0.920046,0.626112
0.92406,0.630944
0.927916,0.651439
0.932065,0.640518
0.935955,0.645306
0.939925,0.665808
0.944065,0.654896
0.947958,0.659707
0.95205,0.66455
0.956036,0.669442
0.959942,0.674427
0.963904,0.679478
0.96807,0.684557
0.971927,0.689635
0.975987,0.694669
0.98017,0.699668
0.983922,0.704654
0.987897,0.709628
0.992023,0.730302
0.995981,0.719522
0.999908,0.724455
1.00397,0.745156
1.00806,0.734517
1.01191,0.739662
1.01605,0.760541
1.01994,0.749994
1.02391,0.755089
1.02806,0.775834
1.03196,0.765145
1.036,0.770161
1.04007,0.790875
1.04391,0.780178
1.04793,0.785201
1.05207,0.790226
1.05598,0.795271
1.05992,0.800391
1.06415,0.805548
1.06793,0.810705
1.0719,0.815838
1.07599,0.820912
1.07995,0.825926
1.08391,0.830955
1.088,0.836007
1.09206,0.841081
1.09591,0.846176
1.10005,0.851293
1.10392,0.856451
1.10791,0.86166
1.112,0.86691
1.11593,0.872146
1.12005,0.877337
1.12412,0.882452
1.12792,0.903239
1.13191,0.892591
1.13605,0.897625
1.13991,0.918343
1.1439,0.907622
1.14813,0.912598
1.15191,0.933308
1.15593,0.922656
1.16001,0.927752
1.16393,0.948536
1.16789,0.937874
1.17196,0.942877
1.17609,0.947831
1.17995,0.952772
1.18399,0.95772
1.18791,0.962654
1.19194,0.967579
1.19596,0.97251
1.19992,0.97744
1.204,0.982411
1.20794,0.987439
1.21193,0.992499
1.21589,0.997557
1.21996,1.00256
1.2239,1.00751
1.22796,1.02814
1.23211,1.01729
1.23592,1.02212
1.24005,1.04267
1.24392,1.03182
1.24791,1.0367
1.25207,1.04161
1.25593,1.04658
1.25998,1.0516
1.26401,1.05662
1.26793,1.06159
1.27192,1.06649
1.27602,1.07128
1.27995,1.09173
1.28391,1.08074
1.28811,1.08543
1.29198,1.10579
1.29597,1.09472
1.29996,1.09936
1.30394,1.10397
1.3079,1.10863
1.31201,1.11338
1.31611,1.11815
1.31991,1.13862
1.32401,1.12762
1.32792,1.13226
1.33193,1.15258
1.33614,1.14145
1.33993,1.14601
1.34397,1.15054
1.34807,1.15504
1.35193,1.15953
1.3559,1.16402
1.36009,1.18425
1.36396,1.17309
1.36794,1.17768
1.37213,1.18224
1.37593,1.18674
1.37995,1.19119
1.38398,1.19556
1.38794,1.21557
1.39193,1.20416
1.39602,1.20847
1.40005,1.21275
1.40389,1.23272
1.40805,1.22132
1.41192,1.22567
1.41591,1.23007
1.42008,1.23452
1.42395,1.23902
1.42799,1.24351
1.4321,1.26367
1.43595,1.25235
1.43991,1.25666
1.44406,1.26093
1.44798,1.26515
1.45191,1.26935
1.45614,1.27351
1.45997,1.27762
1.46389,1.2817
1.46799,1.28575
1.47198,1.28977
1.47591,1.2938
1.48004,1.29785
1.48407,1.30187
1.4879,1.30585
1.49197,1.3255
1.49593,1.31367
1.49992,1.31751
1.50406,1.32129
1.50792,1.32506
1.51197,1.3288
1.51605,1.33253
1.51992,1.33621
1.52388,1.33987
1.52807,1.34349
1.53192,1.34707
1.53589,1.35064
1.54012,1.35422
1.54391,1.37353
1.54792,1.36142
1.55198,1.36499
1.55595,1.36848
1.55993,1.37193
1.56399,1.37532
1.56805,1.37864
1.5719,1.38191
1.57605,1.38518
1.57992,1.38847
1.58396,1.39176
1.58805,1.39505
1.59193,1.39832
1.59598,1.40157
1.60007,1.4205
1.60395,1.408
1.6079,1.4112
1.6121,1.41439
1.61597,1.41758
1.61996,1.43649
1.62413,1.42399
1.62793,1.42717
1.63192,1.4303
1.63598,1.43336
1.63995,1.45202
1.64395,1.43923
1.64806,1.44212
1.65209,1.44497
1.65593,1.44782
1.66008,1.45072
1.66395,1.45363
1.66793,1.45653
1.67205,1.45943
1.67593,1.46231
1.67998,1.46519
1.68413,1.48376
1.68793,1.47089
1.69197,1.47374
1.69613,1.47657
1.69995,1.47939
1.70393,1.48223
1.70811,1.48506
1.71191,1.48787
1.71589,1.49066
1.72002,1.49338
1.72394,1.49604
1.7279,1.49865
1.732,1.50123
1.73607,1.50377
1.73993,1.50629
1.74406,1.50883
1.74791,1.51142
1.75191,1.51403
1.7561,1.51665
1.75992,1.51928
1.76404,1.52186
1.76805,1.52442
1.77196,1.52697
1.77589,1.52947
1.78008,1.5319
1.78396,1.53429
1.7879,1.53662
1.79213,1.53887
1.79593,1.54102
1.79989,1.54312
1.80396,1.54514
1.80793,1.56279
1.81194,1.54895
1.81601,1.55075
1.82011,1.55244
1.82394,1.55403
1.8281,1.55554
1.83191,1.55697
1.83589,1.55832
1.84005,1.55961
1.84396,1.56083
1.84808,1.56197
1.85198,1.56305
1.85595,1.5641
1.85994,1.56509
1.86407,1.56603
1.86791,1.56692
1.87189,1.56776
1.87617,1.56853
1.87994,1.56923
1.88393,1.56991
1.88796,1.57053
1.89194,1.57109
1.89589,1.5717
1.89998,1.57201
1.90408,1.57237
1.90794,1.57267
1.91205,1.57292
1.91595,1.57309
1.91995,1.57321
1.92408,1.57327
1.9279,1.57329
1.93203,1.57328
1.93607,1.57328
1.93996,1.57328
1.94391,1.57328
1.94806,1.57328
1.95194,1.57327
1.95589,1.57327
1.96013,1.57326
1.96397,1.57326
1.9679,1.57324
1.97204,1.57318
1.976,1.57309
1.97994,1.57295
1.98404,1.57283
1.98808,1.57264
1.99189,1.57244
1.99603,1.5722
1.99994,1.57195
2.0039,1.57169
2.00805,1.57144
2.01191,1.57119
2.01604,1.57097
2.02006,1.57076
2.0239,1.57058
2.02791,1.57043
2.03211,1.5703
2.03595,1.57019
2.03996,1.57011
2.04422,1.57005
2.04791,1.57
2.05188,1.56997
2.05596,1.56995
2.05997,1.56994
2.06392,1.56994
2.06797,1.56994
2.07209,1.56994
2.07597,1.56994
2.08003,1.56994
2.08391,1.56994
2.08791,1.56994
2.09198,1.56994
2.0959,1.56994
2.10004,1.56994
2.10404,1.56994
2.10794,1.56994
2.11191,1.56994
2.11612,1.56994
2.11993,1.56994
2.12388,1.56994
2.12818,1.56994
2.1319,1.56994
2.13594,1.56994
2.13998,1.56994
2.1439,1.56994
2.14788,1.56994
2.15198,1.56994
2.15607,1.56994
2.1599,1.56994
2.16398,1.56994
2.16795,1.56994
2.17191,1.56994
2.17594,1.56994
2.17993,1.56994
2.18397,1.56994
2.18794,1.56992
2.19189,1.56985
2.19593,1.56969
2.19995,1.56945
2.20388,1.56897
2.20796,1.5686
2.21206,1.56801
2.21589,1.56733
2.22001,1.56655
2.22391,1.56569
2.2279,1.56477
2.23204,1.56375
2.23592,1.56264
2.24006,1.56144
2.24397,1.56014
2.24792,1.5588
2.2519,1.55738
2.25608,1.55593
2.25994,1.55443
2.26389,1.55286
2.26812,1.55124
2.27191,1.54959
2.27592,1.53216
2.28,1.54607
2.28397,1.54423
2.2879,1.54183
2.29199,1.54034
2.29609,1.53833
2.29994,1.53621
2.30411,1.53403
2.30793,1.51613
2.3119,1.52961
2.31607,1.52732
2.31991,1.52504
2.32399,1.52275
2.32806,1.52044
2.33193,1.51816
2.33589,1.51588
2.34009,1.5136
2.34394,1.51138
2.34789,1.50918
2.35215,1.50696
2.35594,1.50475
2.35991,1.50252
2.36396,1.48455
2.36793,1.49802
2.37189,1.4952
2.37604,1.49351
2.38003,1.49134
2.38393,1.48919
2.38806,1.48706
2.39195,1.46932
2.39594,1.48305
2.40009,1.48103
2.40391,1.47903
2.40797,1.47701
2.41203,1.47495
2.41595,1.47287
2.4199,1.47076
2.42406,1.46865
2.42793,1.46654
2.43196,1.46439
2.43614,1.46224
2.43995,1.46013
2.44393,1.458
2.44796,1.45582
2.45193,1.43795
2.45589,1.45092
2.45997,1.44924
2.46404,1.44705
2.4679,1.44487
2.47205,1.44264
2.47595,1.44043
2.47993,1.42253
2.48408,1.43601
2.48794,1.43382
2.49197,1.43166
2.49606,1.4295
2.49991,1.42737
2.50389,1.42523
2.50806,1.42311
2.51194,1.42103
2.51588,1.4189
2.5201,1.41676
2.52391,1.41463
2.5279,1.41241
2.53197,1.41008
2.53592,1.40774
2.53992,1.40475
2.54406,1.40289
2.54807,1.40039
2.5519,1.39789
2.55607,1.39531
2.55995,1.39266
2.5639,1.38999
2.56805,1.38651
2.57195,1.3844
2.57606,1.38157
2.58005,1.37869
2.58392,1.36008
2.58793,1.3729
2.59208,1.37
2.59592,1.36638
2.59989,1.36418
2.60414,1.36123
2.60792,1.35831
2.61192,1.35536
2.616,1.35233
2.61996,1.34935
2.62393,1.34564
2.62803,1.3277
2.63205,1.34045
2.63588,1.33752
2.64006,1.33459
2.6439,1.33166
2.6479,1.313
2.65204,1.32491
2.65592,1.32261
2.66003,1.31955
2.66405,1.31642
2.66791,1.29751
2.67188,1.30999
2.67604,1.30673
2.67992,1.30274
2.68393,1.30034
2.68812,1.28144
2.69194,1.29398
2.69589,1.29084
2.69999,1.28771
2.70393,1.28458
2.70793,1.26494
2.71206,1.27826
2.71602,1.27505
2.71991,1.27181
2.72406,1.2685
2.72795,1.24943
2.73193,1.26173
2.73602,1.25739
2.73997,1.25475
2.74401,1.25118
2.74806,1.24758
2.75192,1.24393
2.75591,1.24028
2.76009,1.23664
2.76393,1.23213
2.76789,1.22941
2.77214,1.22575
2.77596,1.22212
2.77992,1.20281
2.78407,1.21493
2.78794,1.21132
2.79192,1.20681
2.79596,1.20409
2.80007,1.20045
2.80389,1.1958
2.80804,1.19297
2.81191,1.18912
2.81589,1.18524
2.82006,1.18035
2.82392,1.17741
2.82802,1.17253
2.8321,1.1696
2.83592,1.16572
2.83993,1.16088
2.84396,1.158
2.84796,1.15322
2.85192,1.1494
2.85612,1.14653
2.86001,1.14267
2.86393,1.1378
2.86803,1.13483
2.87194,1.1308
2.87589,1.12566
2.88008,1.12254
2.88409,1.11834
2.88789,1.11305
2.89207,1.10986
2.89591,1.10561
2.89995,1.10032
2.90407,1.0961
2.90795,1.07725
2.91207,1.08879
2.91609,1.08461
2.91993,1.08043
2.92388,1.07514
2.92806,1.07193
2.93195,1.06652
2.93592,1.06212
2.94014,1.05878
2.94395,1.05428
2.9479,1.04865
2.95196,1.02958
2.95592,1.04084
2.95992,1.03531
2.96408,1.032
2.96807,1.02761
2.97189,1.02321
2.97603,1.01879
2.97992,0.998634
2.98391,1.00871
2.98805,1.00414
2.99191,0.984956
2.99605,0.994796
3.00008,0.991242
3.00395,0.986505
3.00789,0.980594
3.01203,0.977063
3.01592,0.971222
3.01993,0.950864
3.02414,0.963101
3.02792,0.95846
3.03193,0.952622
3.03604,0.949086
3.04002,0.944316
3.0439,0.938252
3.04804,0.934563
3.05205,0.929594
3.05592,0.923356
3.06005,0.903911
3.0639,0.914649
3.06793,0.908489
3.07204,0.887901
3.07591,0.899984
3.08005,0.893945
3.08406,0.874604
3.08795,0.885433
3.09193,0.879229
3.09596,0.875457
3.09996,0.869108
3.10397,0.863997
3.10811,0.860166
3.11194,0.85508
3.11609,0.848771
3.12008,0.845012
3.124,0.838781
3.12794,0.833819
3.13206,0.830096
3.13607,0.809393
3.1399,0.818788
3.14402,0.813667
3.14792,0.794081
3.15193,0.803316
3.15604,0.798146
3.15995,0.778574
3.16406,0.787889
3.16804,0.784091
3.17191,0.763341
3.17589,0.77279
3.18004,0.769046
3.18394,0.747102
3.18793,0.757782
3.19216,0.753968
3.19594,0.733124
3.19989,0.742357
3.20398,0.738452
3.20792,0.717552
3.21188,0.726814
3.21606,0.722976
3.22009,0.702184
3.22393,0.711586
3.22808,0.706548
3.23193,0.687056
3.23593,0.696432
3.24008,0.691318
3.24393,0.687445
3.24803,0.680963
3.25208,0.677073
3.2559,0.670604
3.25993,0.665473
3.26403,0.661654
3.26792,0.655355
3.27189,0.650378
3.27615,0.646672
3.27994,0.641745
3.28396,0.635574
3.288,0.631839
3.29196,0.626821
3.29593,0.620489
3.30003,0.616686
3.30405,0.611619
3.30792,0.589614
3.31208,0.600334
3.31591,0.596618
3.31993,0.57477
3.32407,0.585626
3.32798,0.581991
3.33202,0.575917
3.33603,0.572253
3.33991,0.566066
3.34391,0.561045
3.34804,0.557271
3.35193,0.551
3.35588,0.54599
3.36012,0.526541
3.3639,0.537305
3.36788,0.531163
3.37199,0.511795
3.37596,0.522672
3.37993,0.516663
3.38406,0.496152
3.38806,0.508254
3.39197,0.502192
3.39608,0.481585
3.39994,0.493614
3.40388,0.487535
3.40806,0.482727
3.41195,0.477974
3.41603,0.473274
3.42005,0.468609
3.42395,0.448253
3.42788,0.459355
3.43204,0.454772
3.4359,0.450202
3.43988,0.44561
3.44411,0.440963
3.44794,0.437444
3.45192,0.431555
3.45604,0.426878
3.45992,0.423399
3.46391,0.401948
3.46809,0.413118
3.47209,0.409733
3.47592,0.404136
3.48007,0.399701
3.48391,0.395294
3.48792,0.390907
3.49205,0.3708
3.4959,0.382079
3.50004,0.377593
3.50403,0.373061
3.50796,0.368511
3.51189,0.363985
3.51604,0.359503
3.5199,0.33936
3.52388,0.350699
3.52816,0.346375
3.5319,0.342081
3.53592,0.322111
3.54005,0.33359
3.54391,0.329372
3.5479,0.32513
3.55204,0.320854
3.55604,0.316526
3.55994,0.312145
3.56403,0.292027
3.56791,0.303357
3.57194,0.299038
3.57606,0.294795
3.57995,0.290639
3.58406,0.286567
3.58803,0.282546
3.59195,0.278569
3.59589,0.274643
3.60003,0.270744
3.60397,0.266859
3.60789,0.262964
3.61212,0.259059
3.61593,0.25513
3.61992,0.251183
3.62404,0.247238
3.62797,0.243332
3.63192,0.239492
3.63603,0.235724
3.64007,0.232038
3.64389,0.212715
3.64805,0.224875
3.65195,0.221357
3.65589,0.217862
3.66004,0.214384
3.66391,0.210947
3.66798,0.207521
3.67203,0.204094
3.67595,0.20065
3.67992,0.181478
3.68404,0.193714
3.68792,0.190211
3.69193,0.186701
3.69614,0.183216
3.69995,0.179802
3.70392,0.176448
3.70803,0.17318
3.71196,0.169981
3.71588,0.166836
3.72001,0.163747
3.72404,0.160663
3.72789,0.157581
3.73205,0.154493
3.73591,0.151411
3.7399,0.148355
3.74403,0.145295
3.74791,0.142236
3.75195,0.139173
3.75604,0.136078
3.75991,0.132971
3.76388,0.129839
3.76804,0.1267
3.77194,0.123583
3.77591,0.120503
3.7801,0.117494
3.78391,0.114542
3.78788,0.111675
3.79203,0.108881
3.79594,0.106118
3.79988,0.0876766
3.80403,0.100664
3.80805,0.0979252
3.81188,0.095192
3.81602,0.0924483
3.81992,0.0897047
3.82391,0.0712845
3.82808,0.0842837
3.83195,0.0815575
3.83605,0.0788278
3.84006,0.0760806
3.8439,0.0733126
3.84789,0.0705532
3.85204,0.0677886
3.85594,0.0650153
3.85989,0.0622629
3.86416,0.0595367
3.86791,0.0568558
3.87191,0.0542344
3.87594,0.0516478
3.87995,0.0491153
3.88391,0.0466439
3.88805,0.044197
3.89212,0.0417919
3.89588,0.0237278
3.90009,0.0371127
3.90395,0.0348333
3.9079,0.0326132
3.91204,0.0304595
3.91593,0.0283616
3.92008,0.026351
3.92406,0.00873014
3.9279,0.0225968
3.93196,0.0208008
3.93611,0.0190782
3.93991,0.0174219
3.94391,0.0158336
3.94814,0.0142925
3.95192,0.012802
3.95593,0.0113761
3.95994,0.0100217
3.96391,0.00874061
3.96792,0.00751888
3.97203,0.00634776
3.97608,0.00523599
3.97988,0.00419403
3.98403,0.0032306
3.98792,0.00235794
3.99195,0.0015708
3.99607,0.000842994
3.99992,0.000174533
4.00405,-0.000438078
4.008,-0.000987856
4.01194,-0.00146084
4.01587,-0.00186576
4.02005,-0.00220959
4.02395,-0.00249233
4.02796,-0.00271399
4.03214,-0.00287281
4.03592,-0.00297579
4.03987,-0.00302466
4.04393,-0.00302989
4.04792,-0.00302989
4.05186,-0.00302815
4.05601,-0.00302815
4.06008,-0.0030264
4.06391,-0.00302466
4.06803,-0.00302466
4.07193,-0.00302116
4.07591,-0.00301942
4.08007,-0.00301767
4.08387,-0.00301418
4.08804,-0.00300371
4.09204,-0.00297404
4.0959,-0.00291645
4.09987,-0.0028222
4.10403,-0.0026913
4.10789,-0.00252898
4.11194,-0.00234223
4.1162,-0.00214152
4.11998,-0.00193382
4.12392,-0.00173311
4.12793,-0.00153589
4.13192,-0.00134041
4.13587,-0.00115541
4.14,-0.000977384
4.14405,-0.000818559
4.14788,-0.000673697
4.15202,-0.000548033
4.15589,-0.000434587
4.15991,-0.000342085
4.16405,-0.000272271
4.16789,-0.000211185
4.17203,-0.000165806
4.17606,-0.000129154
4.17988,-0.00010472
4.18386,-8.90118e-05
4.18804,-7.50492e-05
4.1919,-6.10865e-05
4.19591,-5.23599e-05
4.20014,-4.88692e-05
4.20387,-4.36332e-05
4.20786,-4.01426e-05
4.21193,-4.01426e-05
4.21591,-3.83972e-05
4.21987,-3.83972e-05
4.22396,-3.83972e-05
4.22805,-3.66519e-05
4.23186,-3.66519e-05
4.23596,-3.66519e-05
4.23986,-3.66519e-05
4.24386,-3.66519e-05
4.24791,-3.66519e-05
4.2519,-3.49066e-05
4.25613,-3.66519e-05
4.25995,-3.49066e-05
4.26389,-3.49066e-05
4.26791,-3.49066e-05
4.27195,-3.49066e-05
4.27586,-3.49066e-05
4.27999,-3.49066e-05
4.28408,-3.49066e-05
4.28788,-3.49066e-05
4.29207,-3.31613e-05
4.29595,-3.31613e-05
4.29992,-3.31613e-05
4.30407,-3.31613e-05
4.3079,-2.61799e-05
4.31202,3.49066e-06
4.31604,8.02851e-05
4.31993,0.000226893
4.32386,0.00045204
4.32803,0.000764454
4.33189,0.00117461
4.33586,0.00167028
4.34015,0.00224798
4.34391,0.00290946
4.34787,0.0036617
4.35199,0.00448026
4.35591,0.00536165
4.35988,0.00632333
4.36404,0.0231082
4.36804,0.0085556
4.37189,0.00980701
4.37602,0.0111457
4.3799,0.0125437
4.38391,0.013994
4.38806,0.015509
4.39192,0.017092
4.396,0.018764
4.40001,0.0205076
4.40392,0.0223036
4.40788,0.0241588
4.41202,0.0260717
4.41595,0.0280527
4.41992,0.0300825
4.4241,0.0321612
4.42791,0.0342852
4.43194,0.0364861
4.43604,0.0544386
4.43996,0.0410519
4.44388,0.0434343
4.44804,0.045883
4.45206,0.0483631
4.4559,0.0508851
4.46002,0.0533844
4.46393,0.0558872
4.46798,0.0583341
4.47202,0.06072
4.47589,0.0630134
4.48001,0.0652806
4.48407,0.0674779
4.48794,0.0696526
4.49195,0.0717714
4.49603,0.0739234
4.49994,0.0760492
4.50392,0.0782117
4.50809,0.0803934
4.5119,0.0826344
4.5159,0.0848858
4.52001,0.087146
4.52391,0.0894045
4.52791,0.0916507
4.53204,0.0938795
4.53603,0.0961048
4.53992,0.0983406
4.54403,0.100569
4.54789,0.102809
4.55188,0.105029
4.55607,0.107285
4.55995,0.109514
4.56401,0.111774
4.56803,0.114008
4.5719,0.116248
4.57591,0.118475
4.58007,0.120667
4.5839,0.122838
4.58788,0.124948
4.59208,0.127056
4.59591,0.129133
4.59988,0.13123
4.604,0.149016
4.60791,0.135415
4.61191,0.137534
4.616,0.139668
4.62011,0.141818
4.62391,0.144005
4.628,0.146236
4.63198,0.164178
4.63592,0.150748
4.64002,0.153039
4.64391,0.15538
4.64802,0.157713
4.65202,0.160118
4.65594,0.162593
4.65989,0.165133
4.66402,0.167714
4.6679,0.170377
4.67188,0.173062
4.67612,0.175797
4.67991,0.178584
4.68389,0.181382
4.68803,0.184181
4.69192,0.186939
4.69589,0.189681
4.70001,0.192393
4.70401,0.210827
4.70788,0.197837
4.71202,0.200606
4.71588,0.203411
4.71989,0.206268
4.72402,0.209193
4.7279,0.212134
4.73199,0.215128
4.73602,0.218117
4.73989,0.221126
4.74387,0.224137
4.74804,0.242863
4.75189,0.23019
4.75591,0.233277
4.76009,0.236375
4.76389,0.239515
4.76788,0.258386
4.77201,0.245837
4.77595,0.249003
4.77988,0.252118
4.78402,0.255214
4.78803,0.273996
4.79188,0.26136
4.79602,0.264428
4.79994,0.267529
4.80388,0.270648
4.80804,0.289526
4.81195,0.276992
4.81603,0.2802
4.82005,0.283387
4.82393,0.286613
4.82787,0.305558
4.83207,0.293139
4.83593,0.2965
4.8399,0.29993
4.84414,0.303406
4.84792,0.306907
4.8519,0.310421
4.85606,0.313913
4.85998,0.317376
4.86388,0.336519
4.86802,0.324249
4.87204,0.327701
4.8759,0.331199
4.88009,0.334733
4.8839,0.338318
4.88788,0.341922
4.89205,0.345549
4.89595,0.349188
4.90001,0.368566
4.90404,0.356562
4.9079,0.360328
4.91201,0.364173
4.91608,0.38376
4.9199,0.371921
4.92387,0.375748
4.9281,0.379539
4.93191,0.399003
4.93591,0.387034
4.93999,0.390774
4.944,0.394523
4.94795,0.398293
4.95204,0.402084
4.95605,0.405901
4.9599,0.40973
4.96402,0.413598
4.96791,0.417498
4.97191,0.421466
4.97606,0.425476
4.98006,0.429557
4.984,0.433662
4.98804,0.437772
4.99191,0.441863
4.99589,0.461654
5.00004,0.450016
5.00389,0.454077
5.0079,0.458152
5.01206,0.477953
5.01593,0.466355
5.01992,0.470499
5.02403,0.474677
5.02793,0.494591
5.0319,0.483154
5.03603,0.487502
5.04008,0.491914
5.04392,0.496352
5.04802,0.500794
5.05193,0.505191
5.05591,0.525266
5.06004,0.513888
5.0639,0.518211
5.06803,0.522543
5.07209,0.526887
5.07597,0.531247
5.07999,0.535621
5.08402,0.555734
5.08794,0.544487
5.09187,0.549023
5.0961,0.553641
5.09991,0.558292
5.10394,0.562961
5.10798,0.567583
5.11195,0.587883
5.11587,0.576739
5.12002,0.581317
5.12403,0.585904
5.12789,0.590509
5.13202,0.59515
5.13592,0.599816
5.13992,0.620227
5.1441,0.609296
5.14793,0.614157
5.152,0.634769
5.156,0.623971
5.15991,0.628861
5.16387,0.633701
5.16804,0.638513
5.17189,0.643321
5.17589,0.648121
5.1801,0.652907
5.18389,0.657703
5.18787,0.662523
5.19202,0.683104
5.19592,0.67233
5.19988,0.677348
5.20401,0.698121
5.20804,0.687494
5.21186,0.692566
5.21601,0.713309
5.2199,0.702614
5.22388,0.707614
5.22803,0.728307
5.23188,0.717568
5.23598,0.722545
5.24006,0.727537
5.24388,0.732571
5.24786,0.737672
5.25203,0.7428
5.25589,0.747919
5.25986,0.753007
5.26412,0.758028
5.26788,0.763016
5.27193,0.768001
5.27603,0.772984
5.27991,0.77796
5.2839,0.782936
5.288,0.787906
5.29206,0.808606
5.29592,0.797945
5.30002,0.803063
5.30389,0.823921
5.30787,0.813343
5.31204,0.818434
5.31592,0.839201
5.32003,0.828543
5.32402,0.833588
5.32787,0.854337
5.33189,0.843657
5.33601,0.848675
5.33988,0.869408
5.34386,0.85877
5.34809,0.863905
5.35189,0.869066
5.35586,0.874209
5.36003,0.879316
5.3639,0.884365
5.36792,0.88939
5.37202,0.894404
5.37604,0.899398
5.37986,0.904376
5.38405,0.909337
5.38792,0.914287
5.39193,0.919267
5.39605,0.924293
5.39989,0.929332
5.40398,0.950058
5.40807,0.939333
5.4119,0.944265
5.41587,0.964869
5.42003,0.954051
5.42393,0.958933
5.42791,0.979501
5.4321,0.968654
5.43593,0.973532
5.43989,0.978411
5.44399,0.983331
5.44794,0.988307
5.45187,0.993295
5.45608,0.998281
5.46009,1.00324
5.46392,1.00813
5.46805,1.02871
5.47195,1.01787
5.47592,1.02271
5.48003,1.04325
5.48393,1.03235
5.48804,1.03717
5.49202,1.04199
5.49589,1.04685
5.49987,1.05176
5.50406,1.05666
5.50788,1.06154
5.51186,1.06634
5.5161,1.07105
5.51992,1.09144
5.52389,1.0804
5.52803,1.08504
5.53198,1.10535
5.5359,1.09422
5.54001,1.0988
5.54402,1.10339
5.5479,1.10801
5.55205,1.11269
5.55592,1.11738
5.55991,1.13775
5.56403,1.12665
5.56789,1.13119
5.572,1.13567
5.57599,1.14014
5.5799,1.14459
5.5839,1.14901
5.58801,1.16912
5.59191,1.15777
5.59591,1.16214
5.60013,1.16651
5.60393,1.17091
5.60787,1.17537
5.61204,1.17982
5.61594,1.19996
5.61988,1.18862
5.62404,1.19294
5.62802,1.19721
5.6319,1.21717
5.636,1.2057
5.63992,1.20991
5.64388,1.2141
5.64802,1.21828
5.65188,1.22247
5.65599,1.22665
5.66003,1.23086
5.6639,1.2351
5.66789,1.23939
5.67202,1.24366
5.67592,1.26361
5.67991,1.2521
5.68413,1.25624
5.68788,1.26033
5.6919,1.28013
5.69598,1.2685
5.69997,1.27255
5.70391,1.27659
5.70801,1.2806
5.71204,1.28459
5.71586,1.28857
5.72004,1.29253
5.72392,1.29647
5.72787,1.30039
5.73202,1.30426
5.73592,1.30805
5.73999,1.31175
5.74402,1.31535
5.74793,1.31888
5.75185,1.32233
5.75605,1.34147
5.7599,1.32917
5.76387,1.33255
5.76808,1.3359
5.77188,1.33921
5.77593,1.35819
5.78002,1.34572
5.78389,1.34892
5.78792,1.35211
5.79209,1.3553
5.796,1.3742
5.79989,1.36169
5.80402,1.36486
5.80788,1.36798
5.81187,1.37104
5.816,1.38973
5.81988,1.37694
5.82396,1.37979
5.82806,1.38258
5.83188,1.38535
5.83589,1.38812
5.84007,1.39087
5.84392,1.39361
5.8479,1.39633
5.8521,1.399
5.85592,1.40163
5.85989,1.40423
5.864,1.40679
5.86795,1.40934
5.87186,1.41187
5.87605,1.41438
5.88,1.41689
5.8839,1.4194
5.88802,1.42191
5.89189,1.42441
5.8959,1.42687
5.90001,1.42927
5.90389,1.43162
5.90799,1.43391
5.91202,1.43615
5.91588,1.43832
5.91986,1.44048
5.92405,1.44261
5.92787,1.4447
5.93186,1.44682
5.93609,1.44896
5.93988,1.45111
5.94386,1.45327
5.94799,1.4554
5.95195,1.4575
5.95587,1.45955
5.96001,1.46156
5.96399,1.46354
5.96788,1.46549
5.97204,1.4674
5.97588,1.46929
5.97991,1.47118
5.984,1.47308
5.98789,1.47498
5.99197,1.47687
5.99601,1.47878
5.99994,1.4807
6.00386,1.48261
6.00803,1.48451
6.01189,1.4864
6.01589,1.48826
6.0201,1.49009
6.02387,1.49188
6.02785,1.49363
6.03199,1.49537
6.0359,1.49706
6.03994,1.49871
6.04405,1.50034
6.04801,1.50196
6.05186,1.50359
6.05605,1.50522
6.05989,1.50684
6.0639,1.50847
6.06803,1.51013
6.07191,1.5118
6.07605,1.51348
6.08009,1.53086
6.08387,1.51682
6.08786,1.5185
6.09205,1.52014
6.09591,1.52174
6.09987,1.52331
6.10412,1.52485
6.10792,1.52639
6.11188,1.52793
6.11601,1.52945
6.11999,1.54668
6.12388,1.5325
6.12804,1.53405
6.13204,1.53561
6.13593,1.53719
6.14003,1.53876
6.14395,1.54034
6.14788,1.54192
6.15201,1.5435
6.15588,1.54507
